,date,close_price,news_count,reddit_posts,score,num_comments,trend_score
1,2025-05-01,280.5199890136719,0.0,6.0,4125.0,804.0,0.0
2,2025-05-02,287.2099914550781,0.0,3.0,577.0,228.0,0.0
3,2025-05-05,280.260009765625,0.0,3.0,61.0,61.0,0.0
4,2025-05-06,275.3500061035156,0.0,1.0,19.0,63.0,0.0
5,2025-05-07,276.2200012207031,0.0,0.0,0.0,0.0,0.0
6,2025-05-08,284.82000732421875,0.0,5.0,764.0,398.0,0.0
7,2025-05-09,298.260009765625,0.0,2.0,781.0,884.0,0.0
8,2025-05-12,318.3800048828125,0.0,1.0,1275.0,855.0,0.0
9,2025-05-13,334.07000732421875,0.0,2.0,16.0,19.0,0.0
10,2025-05-14,347.67999267578125,0.0,2.0,30.0,22.0,0.0
11,2025-05-15,342.82000732421875,0.0,6.0,917.0,790.0,0.0
12,2025-05-16,349.9800109863281,0.0,1.0,0.0,208.0,0.0
13,2025-05-19,342.0899963378906,0.0,1.0,1261.0,215.0,0.0
14,2025-05-20,343.82000732421875,0.0,7.0,2399.0,939.0,0.0
35,2025-05-21,334.6199951171875,0.0,1.0,0.0,50.0,70.0
34,2025-05-21,334.6199951171875,0.0,1.0,0.0,50.0,77.0
33,2025-05-21,334.6199951171875,0.0,1.0,0.0,50.0,76.0
32,2025-05-21,334.6199951171875,0.0,1.0,0.0,50.0,81.0
31,2025-05-21,334.6199951171875,0.0,1.0,0.0,50.0,75.0
30,2025-05-21,334.6199951171875,0.0,1.0,0.0,50.0,73.0
29,2025-05-21,334.6199951171875,0.0,1.0,0.0,50.0,70.0
28,2025-05-21,334.6199951171875,0.0,1.0,0.0,50.0,70.0
27,2025-05-21,334.6199951171875,0.0,1.0,0.0,50.0,73.0
26,2025-05-21,334.6199951171875,0.0,1.0,0.0,50.0,68.0
24,2025-05-21,334.6199951171875,0.0,1.0,0.0,50.0,52.0
23,2025-05-21,334.6199951171875,0.0,1.0,0.0,50.0,53.0
22,2025-05-21,334.6199951171875,0.0,1.0,0.0,50.0,47.0
21,2025-05-21,334.6199951171875,0.0,1.0,0.0,50.0,44.0
20,2025-05-21,334.6199951171875,0.0,1.0,0.0,50.0,49.0
19,2025-05-21,334.6199951171875,0.0,1.0,0.0,50.0,45.0
18,2025-05-21,334.6199951171875,0.0,1.0,0.0,50.0,43.0
17,2025-05-21,334.6199951171875,0.0,1.0,0.0,50.0,46.0
16,2025-05-21,334.6199951171875,0.0,1.0,0.0,50.0,51.0
15,2025-05-21,334.6199951171875,0.0,1.0,0.0,50.0,54.0
25,2025-05-21,334.6199951171875,0.0,1.0,0.0,50.0,64.0
49,2025-05-22,341.0400085449219,0.0,1.0,30.0,52.0,87.0
50,2025-05-22,341.0400085449219,0.0,1.0,30.0,52.0,80.0
51,2025-05-22,341.0400085449219,0.0,1.0,30.0,52.0,100.0
52,2025-05-22,341.0400085449219,0.0,1.0,30.0,52.0,78.0
53,2025-05-22,341.0400085449219,0.0,1.0,30.0,52.0,74.0
59,2025-05-22,341.0400085449219,0.0,1.0,30.0,52.0,69.0
55,2025-05-22,341.0400085449219,0.0,1.0,30.0,52.0,75.0
56,2025-05-22,341.0400085449219,0.0,1.0,30.0,52.0,78.0
57,2025-05-22,341.0400085449219,0.0,1.0,30.0,52.0,83.0
58,2025-05-22,341.0400085449219,0.0,1.0,30.0,52.0,74.0
54,2025-05-22,341.0400085449219,0.0,1.0,30.0,52.0,72.0
48,2025-05-22,341.0400085449219,0.0,1.0,30.0,52.0,76.0
42,2025-05-22,341.0400085449219,0.0,1.0,30.0,52.0,43.0
46,2025-05-22,341.0400085449219,0.0,1.0,30.0,52.0,46.0
47,2025-05-22,341.0400085449219,0.0,1.0,30.0,52.0,47.0
37,2025-05-22,341.0400085449219,0.0,1.0,30.0,52.0,58.0
38,2025-05-22,341.0400085449219,0.0,1.0,30.0,52.0,56.0
39,2025-05-22,341.0400085449219,0.0,1.0,30.0,52.0,51.0
40,2025-05-22,341.0400085449219,0.0,1.0,30.0,52.0,50.0
36,2025-05-22,341.0400085449219,0.0,1.0,30.0,52.0,61.0
43,2025-05-22,341.0400085449219,0.0,1.0,30.0,52.0,43.0
44,2025-05-22,341.0400085449219,0.0,1.0,30.0,52.0,44.0
45,2025-05-22,341.0400085449219,0.0,1.0,30.0,52.0,41.0
41,2025-05-22,341.0400085449219,0.0,1.0,30.0,52.0,46.0
81,2025-05-23,339.3399963378906,0.0,5.0,447.0,318.0,78.0
72,2025-05-23,339.3399963378906,0.0,5.0,447.0,318.0,58.0
80,2025-05-23,339.3399963378906,0.0,5.0,447.0,318.0,72.0
79,2025-05-23,339.3399963378906,0.0,5.0,447.0,318.0,75.0
78,2025-05-23,339.3399963378906,0.0,5.0,447.0,318.0,72.0
77,2025-05-23,339.3399963378906,0.0,5.0,447.0,318.0,71.0
76,2025-05-23,339.3399963378906,0.0,5.0,447.0,318.0,68.0
75,2025-05-23,339.3399963378906,0.0,5.0,447.0,318.0,67.0
74,2025-05-23,339.3399963378906,0.0,5.0,447.0,318.0,70.0
73,2025-05-23,339.3399963378906,0.0,5.0,447.0,318.0,66.0
71,2025-05-23,339.3399963378906,0.0,5.0,447.0,318.0,50.0
66,2025-05-23,339.3399963378906,0.0,5.0,447.0,318.0,45.0
69,2025-05-23,339.3399963378906,0.0,5.0,447.0,318.0,45.0
68,2025-05-23,339.3399963378906,0.0,5.0,447.0,318.0,47.0
67,2025-05-23,339.3399963378906,0.0,5.0,447.0,318.0,45.0
65,2025-05-23,339.3399963378906,0.0,5.0,447.0,318.0,47.0
64,2025-05-23,339.3399963378906,0.0,5.0,447.0,318.0,50.0
63,2025-05-23,339.3399963378906,0.0,5.0,447.0,318.0,51.0
62,2025-05-23,339.3399963378906,0.0,5.0,447.0,318.0,56.0
61,2025-05-23,339.3399963378906,0.0,5.0,447.0,318.0,57.0
60,2025-05-23,339.3399963378906,0.0,5.0,447.0,318.0,63.0
82,2025-05-23,339.3399963378906,0.0,5.0,447.0,318.0,74.0
70,2025-05-23,339.3399963378906,0.0,5.0,447.0,318.0,48.0
83,2025-05-23,339.3399963378906,0.0,5.0,447.0,318.0,68.0
0,,TSLA,0.0,0.0,0.0,0.0,0.0
