date,close_price,news_count,reddit_posts,score,num_comments,trend_score,news_sentiment,reddit_sentiment,data,sentiment_3d_avg,reddit_mentions,price_change_3d
2025-05-06,275.3500061035156,0.0,1.0,19.0,63.0,0.0,0.0,-0.9938179850578308,2025-05-06,0.0,1.0,-1.8429998262634584
2025-05-07,276.2200012207031,0.0,0.0,0.0,0.0,0.0,0.0,0.0,2025-05-07,0.0,0.0,-3.826465151402614
2025-05-08,284.82000732421875,0.0,5.0,764.0,398.0,0.0,0.0,0.4418420433998108,2025-05-08,0.0,5.0,1.62705965878156
2025-05-09,298.260009765625,0.0,2.0,781.0,884.0,0.0,0.0,-0.232910007238388,2025-05-09,0.0,2.0,8.320320738796916
2025-05-12,318.3800048828125,0.0,1.0,1275.0,855.0,0.0,0.0,-0.9746698141098022,2025-05-12,0.0,1.0,15.263197261527427
2025-05-13,334.07000732421875,0.0,2.0,16.0,19.0,0.0,0.0,0.995036244392395,2025-05-13,0.0,2.0,17.291622334640742
2025-05-14,347.67999267578125,0.0,2.0,30.0,22.0,0.0,0.0,0.9069388806819916,2025-05-14,0.0,2.0,16.56942979013205
2025-05-15,342.82000732421875,0.0,6.0,917.0,790.0,0.0,0.0,-0.6369357506434122,2025-05-15,0.0,6.0,7.67636222959478
2025-05-16,349.9800109863281,0.0,1.0,0.0,208.0,0.0,0.0,-0.9770538210868835,2025-05-16,0.0,1.0,4.762475922200493
2025-05-19,342.0899963378906,0.0,1.0,1261.0,215.0,0.0,0.0,-0.9997337460517884,2025-05-19,0.0,1.0,-1.6077992566870036
2025-05-20,343.82000732421875,0.0,7.0,2399.0,939.0,0.0,-0.790844984676527,-0.1677084735461644,2025-05-20,-0.26361499489217566,7.0,0.2916982610802643
2025-05-21,334.6199951171875,0.0,1.0,0.0,50.0,0.7,-0.8048821853266822,0.9988710284233092,2025-05-21,-0.5319090566677364,1.0,-4.388826614940777
2025-05-21,334.6199951171875,0.0,1.0,0.0,50.0,0.77,-0.8048821853266822,0.9988710284233092,2025-05-21,-0.8002031184432972,1.0,-2.183636265506228
2025-05-21,334.6199951171875,0.0,1.0,0.0,50.0,0.76,-0.8048821853266822,0.9988710284233092,2025-05-21,-0.8048821853266822,1.0,-2.6758222357769146
2025-05-21,334.6199951171875,0.0,1.0,0.0,50.0,0.81,-0.8048821853266822,0.9988710284233092,2025-05-21,-0.8048821853266822,1.0,0.0
2025-05-21,334.6199951171875,0.0,1.0,0.0,50.0,0.75,-0.8048821853266822,0.9988710284233092,2025-05-21,-0.8048821853266822,1.0,0.0
2025-05-21,334.6199951171875,0.0,1.0,0.0,50.0,0.73,-0.8048821853266822,0.9988710284233092,2025-05-21,-0.8048821853266822,1.0,0.0
2025-05-21,334.6199951171875,0.0,1.0,0.0,50.0,0.7,-0.8048821853266822,0.9988710284233092,2025-05-21,-0.8048821853266822,1.0,0.0
2025-05-21,334.6199951171875,0.0,1.0,0.0,50.0,0.7,-0.8048821853266822,0.9988710284233092,2025-05-21,-0.8048821853266822,1.0,0.0
2025-05-21,334.6199951171875,0.0,1.0,0.0,50.0,0.73,-0.8048821853266822,0.9988710284233092,2025-05-21,-0.8048821853266822,1.0,0.0
2025-05-21,334.6199951171875,0.0,1.0,0.0,50.0,0.68,-0.8048821853266822,0.9988710284233092,2025-05-21,-0.8048821853266822,1.0,0.0
2025-05-21,334.6199951171875,0.0,1.0,0.0,50.0,0.52,-0.8048821853266822,0.9988710284233092,2025-05-21,-0.8048821853266822,1.0,0.0
2025-05-21,334.6199951171875,0.0,1.0,0.0,50.0,0.53,-0.8048821853266822,0.9988710284233092,2025-05-21,-0.8048821853266822,1.0,0.0
2025-05-21,334.6199951171875,0.0,1.0,0.0,50.0,0.47,-0.8048821853266822,0.9988710284233092,2025-05-21,-0.8048821853266822,1.0,0.0
2025-05-21,334.6199951171875,0.0,1.0,0.0,50.0,0.44,-0.8048821853266822,0.9988710284233092,2025-05-21,-0.8048821853266822,1.0,0.0
2025-05-21,334.6199951171875,0.0,1.0,0.0,50.0,0.49,-0.8048821853266822,0.9988710284233092,2025-05-21,-0.8048821853266822,1.0,0.0
2025-05-21,334.6199951171875,0.0,1.0,0.0,50.0,0.45,-0.8048821853266822,0.9988710284233092,2025-05-21,-0.8048821853266822,1.0,0.0
2025-05-21,334.6199951171875,0.0,1.0,0.0,50.0,0.43,-0.8048821853266822,0.9988710284233092,2025-05-21,-0.8048821853266822,1.0,0.0
2025-05-21,334.6199951171875,0.0,1.0,0.0,50.0,0.46,-0.8048821853266822,0.9988710284233092,2025-05-21,-0.8048821853266822,1.0,0.0
2025-05-21,334.6199951171875,0.0,1.0,0.0,50.0,0.51,-0.8048821853266822,0.9988710284233092,2025-05-21,-0.8048821853266822,1.0,0.0
2025-05-21,334.6199951171875,0.0,1.0,0.0,50.0,0.54,-0.8048821853266822,0.9988710284233092,2025-05-21,-0.8048821853266822,1.0,0.0
2025-05-21,334.6199951171875,0.0,1.0,0.0,50.0,0.64,-0.8048821853266822,0.9988710284233092,2025-05-21,-0.8048821853266822,1.0,0.0
2025-05-22,341.0400085449219,0.0,1.0,30.0,52.0,0.87,-0.7922508436090806,0.6498525142669678,2025-05-22,-0.8006717380874817,1.0,1.9185982671137136
2025-05-22,341.0400085449219,0.0,1.0,30.0,52.0,0.8,-0.7922508436090806,0.6498525142669678,2025-05-22,-0.7964612908482812,1.0,1.9185982671137136
2025-05-22,341.0400085449219,0.0,1.0,30.0,52.0,1.0,-0.7922508436090806,0.6498525142669678,2025-05-22,-0.7922508436090806,1.0,1.9185982671137136
2025-05-22,341.0400085449219,0.0,1.0,30.0,52.0,0.78,-0.7922508436090806,0.6498525142669678,2025-05-22,-0.7922508436090806,1.0,0.0
2025-05-22,341.0400085449219,0.0,1.0,30.0,52.0,0.74,-0.7922508436090806,0.6498525142669678,2025-05-22,-0.7922508436090806,1.0,0.0
2025-05-22,341.0400085449219,0.0,1.0,30.0,52.0,0.69,-0.7922508436090806,0.6498525142669678,2025-05-22,-0.7922508436090806,1.0,0.0
2025-05-22,341.0400085449219,0.0,1.0,30.0,52.0,0.75,-0.7922508436090806,0.6498525142669678,2025-05-22,-0.7922508436090806,1.0,0.0
2025-05-22,341.0400085449219,0.0,1.0,30.0,52.0,0.78,-0.7922508436090806,0.6498525142669678,2025-05-22,-0.7922508436090806,1.0,0.0
2025-05-22,341.0400085449219,0.0,1.0,30.0,52.0,0.83,-0.7922508436090806,0.6498525142669678,2025-05-22,-0.7922508436090806,1.0,0.0
2025-05-22,341.0400085449219,0.0,1.0,30.0,52.0,0.74,-0.7922508436090806,0.6498525142669678,2025-05-22,-0.7922508436090806,1.0,0.0
2025-05-22,341.0400085449219,0.0,1.0,30.0,52.0,0.72,-0.7922508436090806,0.6498525142669678,2025-05-22,-0.7922508436090806,1.0,0.0
2025-05-22,341.0400085449219,0.0,1.0,30.0,52.0,0.76,-0.7922508436090806,0.6498525142669678,2025-05-22,-0.7922508436090806,1.0,0.0
2025-05-22,341.0400085449219,0.0,1.0,30.0,52.0,0.43,-0.7922508436090806,0.6498525142669678,2025-05-22,-0.7922508436090806,1.0,0.0
2025-05-22,341.0400085449219,0.0,1.0,30.0,52.0,0.46,-0.7922508436090806,0.6498525142669678,2025-05-22,-0.7922508436090806,1.0,0.0
2025-05-22,341.0400085449219,0.0,1.0,30.0,52.0,0.47,-0.7922508436090806,0.6498525142669678,2025-05-22,-0.7922508436090806,1.0,0.0
2025-05-22,341.0400085449219,0.0,1.0,30.0,52.0,0.58,-0.7922508436090806,0.6498525142669678,2025-05-22,-0.7922508436090806,1.0,0.0
2025-05-22,341.0400085449219,0.0,1.0,30.0,52.0,0.56,-0.7922508436090806,0.6498525142669678,2025-05-22,-0.7922508436090806,1.0,0.0
2025-05-22,341.0400085449219,0.0,1.0,30.0,52.0,0.51,-0.7922508436090806,0.6498525142669678,2025-05-22,-0.7922508436090806,1.0,0.0
2025-05-22,341.0400085449219,0.0,1.0,30.0,52.0,0.5,-0.7922508436090806,0.6498525142669678,2025-05-22,-0.7922508436090806,1.0,0.0
2025-05-22,341.0400085449219,0.0,1.0,30.0,52.0,0.61,-0.7922508436090806,0.6498525142669678,2025-05-22,-0.7922508436090806,1.0,0.0
2025-05-22,341.0400085449219,0.0,1.0,30.0,52.0,0.43,-0.7922508436090806,0.6498525142669678,2025-05-22,-0.7922508436090806,1.0,0.0
2025-05-22,341.0400085449219,0.0,1.0,30.0,52.0,0.44,-0.7922508436090806,0.6498525142669678,2025-05-22,-0.7922508436090806,1.0,0.0
2025-05-22,341.0400085449219,0.0,1.0,30.0,52.0,0.41,-0.7922508436090806,0.6498525142669678,2025-05-22,-0.7922508436090806,1.0,0.0
2025-05-22,341.0400085449219,0.0,1.0,30.0,52.0,0.46,-0.7922508436090806,0.6498525142669678,2025-05-22,-0.7922508436090806,1.0,0.0
2025-05-23,339.3399963378906,0.0,5.0,447.0,318.0,0.78,-0.7759591383593423,-0.1957950830459594,2025-05-23,-0.7868202751925012,5.0,-0.49847881903489766
2025-05-23,339.3399963378906,0.0,5.0,447.0,318.0,0.58,-0.7759591383593423,-0.1957950830459594,2025-05-23,-0.7813897067759218,5.0,-0.49847881903489766
2025-05-23,339.3399963378906,0.0,5.0,447.0,318.0,0.72,-0.7759591383593423,-0.1957950830459594,2025-05-23,-0.7759591383593423,5.0,-0.49847881903489766
2025-05-23,339.3399963378906,0.0,5.0,447.0,318.0,0.75,-0.7759591383593423,-0.1957950830459594,2025-05-23,-0.7759591383593423,5.0,0.0
2025-05-23,339.3399963378906,0.0,5.0,447.0,318.0,0.72,-0.7759591383593423,-0.1957950830459594,2025-05-23,-0.7759591383593423,5.0,0.0
2025-05-23,339.3399963378906,0.0,5.0,447.0,318.0,0.71,-0.7759591383593423,-0.1957950830459594,2025-05-23,-0.7759591383593423,5.0,0.0
2025-05-23,339.3399963378906,0.0,5.0,447.0,318.0,0.68,-0.7759591383593423,-0.1957950830459594,2025-05-23,-0.7759591383593423,5.0,0.0
2025-05-23,339.3399963378906,0.0,5.0,447.0,318.0,0.67,-0.7759591383593423,-0.1957950830459594,2025-05-23,-0.7759591383593423,5.0,0.0
2025-05-23,339.3399963378906,0.0,5.0,447.0,318.0,0.7,-0.7759591383593423,-0.1957950830459594,2025-05-23,-0.7759591383593423,5.0,0.0
2025-05-23,339.3399963378906,0.0,5.0,447.0,318.0,0.66,-0.7759591383593423,-0.1957950830459594,2025-05-23,-0.7759591383593423,5.0,0.0
2025-05-23,339.3399963378906,0.0,5.0,447.0,318.0,0.5,-0.7759591383593423,-0.1957950830459594,2025-05-23,-0.7759591383593423,5.0,0.0
2025-05-23,339.3399963378906,0.0,5.0,447.0,318.0,0.45,-0.7759591383593423,-0.1957950830459594,2025-05-23,-0.7759591383593423,5.0,0.0
2025-05-23,339.3399963378906,0.0,5.0,447.0,318.0,0.45,-0.7759591383593423,-0.1957950830459594,2025-05-23,-0.7759591383593423,5.0,0.0
2025-05-23,339.3399963378906,0.0,5.0,447.0,318.0,0.47,-0.7759591383593423,-0.1957950830459594,2025-05-23,-0.7759591383593423,5.0,0.0
2025-05-23,339.3399963378906,0.0,5.0,447.0,318.0,0.45,-0.7759591383593423,-0.1957950830459594,2025-05-23,-0.7759591383593423,5.0,0.0
2025-05-23,339.3399963378906,0.0,5.0,447.0,318.0,0.47,-0.7759591383593423,-0.1957950830459594,2025-05-23,-0.7759591383593423,5.0,0.0
2025-05-23,339.3399963378906,0.0,5.0,447.0,318.0,0.5,-0.7759591383593423,-0.1957950830459594,2025-05-23,-0.7759591383593423,5.0,0.0
2025-05-23,339.3399963378906,0.0,5.0,447.0,318.0,0.51,-0.7759591383593423,-0.1957950830459594,2025-05-23,-0.7759591383593423,5.0,0.0
2025-05-23,339.3399963378906,0.0,5.0,447.0,318.0,0.56,-0.7759591383593423,-0.1957950830459594,2025-05-23,-0.7759591383593423,5.0,0.0
2025-05-23,339.3399963378906,0.0,5.0,447.0,318.0,0.57,-0.7759591383593423,-0.1957950830459594,2025-05-23,-0.7759591383593423,5.0,0.0
2025-05-23,339.3399963378906,0.0,5.0,447.0,318.0,0.63,-0.7759591383593423,-0.1957950830459594,2025-05-23,-0.7759591383593423,5.0,0.0
2025-05-23,339.3399963378906,0.0,5.0,447.0,318.0,0.74,-0.7759591383593423,-0.1957950830459594,2025-05-23,-0.7759591383593423,5.0,0.0
2025-05-23,339.3399963378906,0.0,5.0,447.0,318.0,0.48,-0.7759591383593423,-0.1957950830459594,2025-05-23,-0.7759591383593423,5.0,0.0
2025-05-23,339.3399963378906,0.0,5.0,447.0,318.0,0.68,-0.7759591383593423,-0.1957950830459594,2025-05-23,-0.7759591383593423,5.0,0.0
