,Unnamed: 0,date,close_price,news_count,reddit_posts,score,num_comments,trend_score,news_sentiment,reddit_sentiment
0,1,2025-05-01,280.5199890136719,0.0,6.0,4125.0,804.0,0.0,0.0,-0.591090182463328
1,2,2025-05-02,287.2099914550781,0.0,3.0,577.0,228.0,0.0,0.0,-0.991079568862915
2,3,2025-05-05,280.260009765625,0.0,3.0,61.0,61.0,0.0,0.0,-0.34835660457611084
3,4,2025-05-06,275.3500061035156,0.0,1.0,19.0,63.0,0.0,0.0,-0.9938179850578308
4,5,2025-05-07,276.2200012207031,0.0,0.0,0.0,0.0,0.0,0.0,0.0
5,6,2025-05-08,284.82000732421875,0.0,5.0,764.0,398.0,0.0,0.0,0.4418420433998108
6,7,2025-05-09,298.260009765625,0.0,2.0,781.0,884.0,0.0,0.0,-0.23291000723838806
7,8,2025-05-12,318.3800048828125,0.0,1.0,1275.0,855.0,0.0,0.0,-0.9746698141098022
8,9,2025-05-13,334.07000732421875,0.0,2.0,16.0,19.0,0.0,0.0,0.995036244392395
9,10,2025-05-14,347.67999267578125,0.0,2.0,30.0,22.0,0.0,0.0,0.9069388806819916
10,11,2025-05-15,342.82000732421875,0.0,6.0,917.0,790.0,0.0,0.0,-0.6369357506434122
11,12,2025-05-16,349.9800109863281,0.0,1.0,0.0,208.0,0.0,0.0,-0.9770538210868835
12,13,2025-05-19,342.0899963378906,0.0,1.0,1261.0,215.0,0.0,0.0,-0.9997337460517883
13,14,2025-05-20,343.82000732421875,0.0,7.0,2399.0,939.0,0.0,-0.790844984676527,-0.1677084735461644
14,35,2025-05-21,334.6199951171875,0.0,1.0,0.0,50.0,70.0,-0.8048821853266822,0.9988710284233093
15,34,2025-05-21,334.6199951171875,0.0,1.0,0.0,50.0,77.0,-0.8048821853266822,0.9988710284233093
16,33,2025-05-21,334.6199951171875,0.0,1.0,0.0,50.0,76.0,-0.8048821853266822,0.9988710284233093
17,32,2025-05-21,334.6199951171875,0.0,1.0,0.0,50.0,81.0,-0.8048821853266822,0.9988710284233093
18,31,2025-05-21,334.6199951171875,0.0,1.0,0.0,50.0,75.0,-0.8048821853266822,0.9988710284233093
19,30,2025-05-21,334.6199951171875,0.0,1.0,0.0,50.0,73.0,-0.8048821853266822,0.9988710284233093
20,29,2025-05-21,334.6199951171875,0.0,1.0,0.0,50.0,70.0,-0.8048821853266822,0.9988710284233093
21,28,2025-05-21,334.6199951171875,0.0,1.0,0.0,50.0,70.0,-0.8048821853266822,0.9988710284233093
22,27,2025-05-21,334.6199951171875,0.0,1.0,0.0,50.0,73.0,-0.8048821853266822,0.9988710284233093
23,26,2025-05-21,334.6199951171875,0.0,1.0,0.0,50.0,68.0,-0.8048821853266822,0.9988710284233093
24,24,2025-05-21,334.6199951171875,0.0,1.0,0.0,50.0,52.0,-0.8048821853266822,0.9988710284233093
25,23,2025-05-21,334.6199951171875,0.0,1.0,0.0,50.0,53.0,-0.8048821853266822,0.9988710284233093
26,22,2025-05-21,334.6199951171875,0.0,1.0,0.0,50.0,47.0,-0.8048821853266822,0.9988710284233093
27,21,2025-05-21,334.6199951171875,0.0,1.0,0.0,50.0,44.0,-0.8048821853266822,0.9988710284233093
28,20,2025-05-21,334.6199951171875,0.0,1.0,0.0,50.0,49.0,-0.8048821853266822,0.9988710284233093
29,19,2025-05-21,334.6199951171875,0.0,1.0,0.0,50.0,45.0,-0.8048821853266822,0.9988710284233093
30,18,2025-05-21,334.6199951171875,0.0,1.0,0.0,50.0,43.0,-0.8048821853266822,0.9988710284233093
31,17,2025-05-21,334.6199951171875,0.0,1.0,0.0,50.0,46.0,-0.8048821853266822,0.9988710284233093
32,16,2025-05-21,334.6199951171875,0.0,1.0,0.0,50.0,51.0,-0.8048821853266822,0.9988710284233093
33,15,2025-05-21,334.6199951171875,0.0,1.0,0.0,50.0,54.0,-0.8048821853266822,0.9988710284233093
34,25,2025-05-21,334.6199951171875,0.0,1.0,0.0,50.0,64.0,-0.8048821853266822,0.9988710284233093
35,49,2025-05-22,341.0400085449219,0.0,1.0,30.0,52.0,87.0,-0.7922508436090806,0.6498525142669678
36,50,2025-05-22,341.0400085449219,0.0,1.0,30.0,52.0,80.0,-0.7922508436090806,0.6498525142669678
37,51,2025-05-22,341.0400085449219,0.0,1.0,30.0,52.0,100.0,-0.7922508436090806,0.6498525142669678
38,52,2025-05-22,341.0400085449219,0.0,1.0,30.0,52.0,78.0,-0.7922508436090806,0.6498525142669678
39,53,2025-05-22,341.0400085449219,0.0,1.0,30.0,52.0,74.0,-0.7922508436090806,0.6498525142669678
40,59,2025-05-22,341.0400085449219,0.0,1.0,30.0,52.0,69.0,-0.7922508436090806,0.6498525142669678
41,55,2025-05-22,341.0400085449219,0.0,1.0,30.0,52.0,75.0,-0.7922508436090806,0.6498525142669678
42,56,2025-05-22,341.0400085449219,0.0,1.0,30.0,52.0,78.0,-0.7922508436090806,0.6498525142669678
43,57,2025-05-22,341.0400085449219,0.0,1.0,30.0,52.0,83.0,-0.7922508436090806,0.6498525142669678
44,58,2025-05-22,341.0400085449219,0.0,1.0,30.0,52.0,74.0,-0.7922508436090806,0.6498525142669678
45,54,2025-05-22,341.0400085449219,0.0,1.0,30.0,52.0,72.0,-0.7922508436090806,0.6498525142669678
46,48,2025-05-22,341.0400085449219,0.0,1.0,30.0,52.0,76.0,-0.7922508436090806,0.6498525142669678
47,42,2025-05-22,341.0400085449219,0.0,1.0,30.0,52.0,43.0,-0.7922508436090806,0.6498525142669678
48,46,2025-05-22,341.0400085449219,0.0,1.0,30.0,52.0,46.0,-0.7922508436090806,0.6498525142669678
49,47,2025-05-22,341.0400085449219,0.0,1.0,30.0,52.0,47.0,-0.7922508436090806,0.6498525142669678
50,37,2025-05-22,341.0400085449219,0.0,1.0,30.0,52.0,58.0,-0.7922508436090806,0.6498525142669678
51,38,2025-05-22,341.0400085449219,0.0,1.0,30.0,52.0,56.0,-0.7922508436090806,0.6498525142669678
52,39,2025-05-22,341.0400085449219,0.0,1.0,30.0,52.0,51.0,-0.7922508436090806,0.6498525142669678
53,40,2025-05-22,341.0400085449219,0.0,1.0,30.0,52.0,50.0,-0.7922508436090806,0.6498525142669678
54,36,2025-05-22,341.0400085449219,0.0,1.0,30.0,52.0,61.0,-0.7922508436090806,0.6498525142669678
55,43,2025-05-22,341.0400085449219,0.0,1.0,30.0,52.0,43.0,-0.7922508436090806,0.6498525142669678
56,44,2025-05-22,341.0400085449219,0.0,1.0,30.0,52.0,44.0,-0.7922508436090806,0.6498525142669678
57,45,2025-05-22,341.0400085449219,0.0,1.0,30.0,52.0,41.0,-0.7922508436090806,0.6498525142669678
58,41,2025-05-22,341.0400085449219,0.0,1.0,30.0,52.0,46.0,-0.7922508436090806,0.6498525142669678
59,81,2025-05-23,339.3399963378906,0.0,5.0,447.0,318.0,78.0,-0.7759591383593423,-0.19579508304595947
60,72,2025-05-23,339.3399963378906,0.0,5.0,447.0,318.0,58.0,-0.7759591383593423,-0.19579508304595947
61,80,2025-05-23,339.3399963378906,0.0,5.0,447.0,318.0,72.0,-0.7759591383593423,-0.19579508304595947
62,79,2025-05-23,339.3399963378906,0.0,5.0,447.0,318.0,75.0,-0.7759591383593423,-0.19579508304595947
63,78,2025-05-23,339.3399963378906,0.0,5.0,447.0,318.0,72.0,-0.7759591383593423,-0.19579508304595947
64,77,2025-05-23,339.3399963378906,0.0,5.0,447.0,318.0,71.0,-0.7759591383593423,-0.19579508304595947
65,76,2025-05-23,339.3399963378906,0.0,5.0,447.0,318.0,68.0,-0.7759591383593423,-0.19579508304595947
66,75,2025-05-23,339.3399963378906,0.0,5.0,447.0,318.0,67.0,-0.7759591383593423,-0.19579508304595947
67,74,2025-05-23,339.3399963378906,0.0,5.0,447.0,318.0,70.0,-0.7759591383593423,-0.19579508304595947
68,73,2025-05-23,339.3399963378906,0.0,5.0,447.0,318.0,66.0,-0.7759591383593423,-0.19579508304595947
69,71,2025-05-23,339.3399963378906,0.0,5.0,447.0,318.0,50.0,-0.7759591383593423,-0.19579508304595947
70,66,2025-05-23,339.3399963378906,0.0,5.0,447.0,318.0,45.0,-0.7759591383593423,-0.19579508304595947
71,69,2025-05-23,339.3399963378906,0.0,5.0,447.0,318.0,45.0,-0.7759591383593423,-0.19579508304595947
72,68,2025-05-23,339.3399963378906,0.0,5.0,447.0,318.0,47.0,-0.7759591383593423,-0.19579508304595947
73,67,2025-05-23,339.3399963378906,0.0,5.0,447.0,318.0,45.0,-0.7759591383593423,-0.19579508304595947
74,65,2025-05-23,339.3399963378906,0.0,5.0,447.0,318.0,47.0,-0.7759591383593423,-0.19579508304595947
75,64,2025-05-23,339.3399963378906,0.0,5.0,447.0,318.0,50.0,-0.7759591383593423,-0.19579508304595947
76,63,2025-05-23,339.3399963378906,0.0,5.0,447.0,318.0,51.0,-0.7759591383593423,-0.19579508304595947
77,62,2025-05-23,339.3399963378906,0.0,5.0,447.0,318.0,56.0,-0.7759591383593423,-0.19579508304595947
78,61,2025-05-23,339.3399963378906,0.0,5.0,447.0,318.0,57.0,-0.7759591383593423,-0.19579508304595947
79,60,2025-05-23,339.3399963378906,0.0,5.0,447.0,318.0,63.0,-0.7759591383593423,-0.19579508304595947
80,82,2025-05-23,339.3399963378906,0.0,5.0,447.0,318.0,74.0,-0.7759591383593423,-0.19579508304595947
81,70,2025-05-23,339.3399963378906,0.0,5.0,447.0,318.0,48.0,-0.7759591383593423,-0.19579508304595947
82,83,2025-05-23,339.3399963378906,0.0,5.0,447.0,318.0,68.0,-0.7759591383593423,-0.19579508304595947
83,0,,TSLA,0.0,0.0,0.0,0.0,0.0,0.0,0.0
